키워드,제목,내용,링크
東京 美味しいお店,★ 맛있게 먹고 마신다 ★,"제목과 함께 :
Sasen에게 감사합니다.
블랙은 그것을 아는 사람들에게만 알려져 있습니다. ★ 업데이트의 시작입니다.
읽거나 읽지 않는 것은 드문 일이 아니므로 읽는 것은 당신에게 달려 있습니다.

지금은 갑자기입니다.
이것은 어제 토요일에 일어났다.
내 토요일은 여전히 ​​동일합니다
도쿄는 키타 워드의 타바타로 날아가서 거기서 시작했습니다.
그리고 앞으로 몇 달 동안, 나는 20 년 동안 인트라넷에있었습니다.
Tabata가 가장 길다.
놀라운 복숭아 나무 인 Sansho Tree는 감사로 가득 차 있습니다.
지금은
원래 프로그램 Ranbox®️부터 시작하여
그런 다음 원래 뜨거운 필라테스를 포함하여 두 병이 있습니다.


그날 스튜디오는 뜨거웠고 습도는 나중에 증가했습니다.
문을 여는 동안 수업이 진행됩니다.
그것이 완성 된 후에는 삶은 문어처럼 보였다.
그리고 나는 조금 방황하고 있습니다.
그런 다음 가볍게 샤워하고 헤어 드라이어를 착용하고
적절하게 구성하고 빨간 얼굴을 덮고

그 후, 나는 신주쿠에서 녹색 차를 타고 저녁을 먹었습니다.
나는 약간 더 나은 환경에서 회복하기 위해 노력했습니다.
그리고 나는 잠들었다.
내가 일어나면 지옥입니다. 핫 스튜디오도 지옥입니다. w


그리고 마지막으로, 우리는 타치 카와에 뜨거운 필라테스를 가졌습니다.
지난번의 기억과 마찬가지로
지금까지 내 추억이 돌아 왔습니다.
때때로 나는 정말로 걱정하고 겁에 질려서 촉진과 호흡을 얻지 만 과장하지는 않습니다.
그러나 고객에게는 중요하지 않으며 이해가 안 돼요.
나는 그가 가능하다면 레슨으로 돌아 오기를 원하며, 그가 계속하기를 원합니다. 그리고 그것이 제가 생각하는 것입니다.
뭐.

스포츠 클럽, 고객 및 강사.
우리는 서로의 관계에 있기를 원합니다.
각 사람이 자라면서 진화 할 때 더 큰 기쁨은 없습니다.
약간의 고통이지만 너무 작습니다.
필요한 즐겁고 자랑스런 것입니다.
본능이어야합니다.
그러나 변화는 재미 있고 행복합니다.


지금은
끝나면 예상치 못한 약속을 이행하기 위해 이동하십시오.




맛있는 고기 포장 꼬치를 제공하는 레스토랑.
메뉴는 광범위하고 서버에서 나오는 맥주도 맛있습니다.
나는 또한 가게의 분위기를 좋아합니다.

그 이후로 많은 것들이 있었고



나는 다른 식당에 가서 레드 와인을 마셨다.
나는 이런 음식을 먹어 본 적이 없다
나는 치즈를 먹었다. 나는 엄청나게 맛있다고 생각했다.

그리고 마지막으로,
오키나와에 갔던 사람의 기념품
마늘 닭고기 사용,
나는 매일 밤 뜨거운 샌드위치를 ​​만들었습니다
예! 유출되었습니다.


갑자기이지만 ""Eat and Drink""이라는 제목의 ""Eat and Drink""라는 제목으로 더 많은 업데이트가 만들어졌습니다.


방문해 주셔서 감사합니다",https://ameblo.jp/useiran/entry-12900147164.html
東京 美味しいお店,조금 이른 어머니의 날이었습니다,"좋은 아침 ☀️. °

오늘도 방문 해주세요
감사합니다



모두 골든 주간을 어떻게 보내십니까?



나는 달력에 따라 일합니다
이 4 일간의 휴가는 진짜 황금 주가 될 것입니다



나는 미리 계획 할 것이라고 생각했다

불행히도, 나의 두 번째 딸은 파트 타임 직업, 동문 협회 등입니다.
내 장남 딸은 도쿄입니다
우리 가족의 외출은 불가능했습니다



그러나 29 일 공휴일에
이 날에만 가능하기 때문입니다
그리고 나의 두 번째 딸 👧 👧는 어머니의 날 선물입니다
그는 나를 저녁 식사에 데려 갔다





두 번째 딸 👧

오후 5시 30 분에 떠날 게요.







어머니 👩

예, 이해합니다. 그래서 어디로 가나 요?






두 번째 딸 👧

오, 나는 Sannomiya의 상점에서 예약을했습니다.





어머니 👩

Sannomiya는 오후 5시 30 분입니다

이것은 좋은 태도를 가진 50 명의 사람에게는 불가능한 거리 장애물 일 수 있습니다.





가게 내 두 번째 딸 daughter가 나를 데려 갔다


1 년 전, 나가노 현에서 마츠모토를 가족과 함께 방문했을 때
그 이탈리아 식당 🇮🇹
주인이 저에게 가르쳐 준 가게였습니다.




피자의 매우 맛있는 레스토랑입니다
가십시오




맥주 draft는 이탈리아 드래프트 맥주입니다

종종 먹는 홍합 샐러드도 맛있는 것도 있습니다.


반죽이 얇고 요리 된 품질이 우수합니다 👍
정말 맛있는 피자 ♥ ♥ 슬이었습니다




내 두 번째 딸에게 감사합니다



내 두 번째 딸은 바쁘다
분명히 제 대학 생활은 아주 잘 진행되고 있습니다




실용적인 훈련은 재미 있고 가장 중요한 것은 매일 2 시간의 Express 기차를 타는 의미있는 방법입니다.
회전하는 것 같습니다

 



두 번째 딸 👧

지금까지 학교는 가까워졌습니다
나는 천천히 생각하는 습관이 없었습니다.

이제 저는 계획하고 공부하고 있습니다

피곤하면 Demachiyanagi Station에서 자신을 찾을 수 있습니다.

이 시간이 있기 때문에 돌아 다니고 있습니다



그들이 대학 간 서클에서 만난 동네에서 여성 대학생과 매우 가까워진 것 같습니다.
우리는 또한 Demachiyanagi 역 주변의 점심 투어를 즐깁니다




나는 대학생이되어 집에 거의 살 수 없었습니다.



그것이 올바른 금액인지 궁금합니다




자유롭게 묶지 않고 날아갑니다
다양한 경험을 가진 풍부한 학생 생활을하시기 바랍니다.




글쎄, 나의 어머니는 두 번째 딸에게 잃지 않아야한다
나는 어머니의 날을 위해 꽃을 마련해야합니다.





끝까지 읽으십시오
대단히 감사합니다",https://ameblo.jp/mm32733273/entry-12900082647.html
